UK07-0,Truck
UK07-1,Warehouse
UK07-10,Plane
UK07-11,Plane
UK07-12,Truck
UK07-13,Warehouse
UK07-14,Warehouse
UK07-15,Plane
UK07-16,Plane
UK07-17,Truck
UK07-18,Truck
UK07-19,Truck
UK07-2,Warehouse
UK07-20,Plane
UK07-21,Warehouse
UK07-22,Warehouse
UK07-23,Plane
UK07-24,Warehouse
UK07-25,Truck
UK07-26,Truck
UK07-27,Plane
UK07-28,Truck
UK07-29,Plane
UK07-3,Truck
UK07-30,Warehouse
UK07-31,Truck
UK07-32,Plane
UK07-33,Warehouse
UK07-34,Warehouse
UK07-35,Plane
UK07-36,Truck
UK07-37,Warehouse
UK07-38,Plane
UK07-39,Warehouse
UK07-4,Plane
UK07-40,Warehouse
UK07-41,Plane
UK07-42,Plane
UK07-43,Plane
UK07-44,Truck
UK07-45,Warehouse
UK07-46,Truck
UK07-47,Plane
UK07-48,Plane
UK07-49,Warehouse
UK07-5,Warehouse
UK07-50,Warehouse
UK07-51,Truck
UK07-52,Plane
UK07-53,Plane
UK07-54,Plane
UK07-55,Plane
UK07-56,Warehouse
UK07-57,Warehouse
UK07-58,Truck
UK07-59,Plane
UK07-6,Warehouse
UK07-60,Warehouse
UK07-61,Truck
UK07-62,Truck
UK07-63,Warehouse
UK07-64,Warehouse
UK07-65,Plane
UK07-66,Warehouse
UK07-67,Truck
UK07-68,Plane
UK07-69,Truck
UK07-7,Plane
UK07-70,Warehouse
UK07-71,Warehouse
UK07-72,Plane
UK07-73,Plane
UK07-74,Plane
UK07-75,Truck
UK07-76,Warehouse
UK07-77,Warehouse
UK07-78,Warehouse
UK07-79,Warehouse
UK07-8,Truck
UK07-80,Warehouse
UK07-81,Plane
UK07-82,Plane
UK07-83,Warehouse
UK07-84,Plane
UK07-85,Warehouse
UK07-86,Plane
UK07-87,Plane
UK07-88,Truck
UK07-89,Plane
UK07-9,Plane
UK07-90,Warehouse
UK07-91,Plane
UK07-92,Plane
UK07-93,Plane
UK07-94,Warehouse
UK07-95,Plane
UK07-96,Truck
UK07-97,Warehouse
UK07-98,Plane
UK07-99,Truck
